Customer_ID,Subscription_Start,Last_Activity,Monthly_Spend,Total_Spend,Plan_Type,Support_Tickets,Engagement_Score,Auto_Renew,Churned
c9d68242-7cb7-416f-857a-41fd294692fe,2022-09-06,2025-01-26,70,4399,Standard,3,94,Yes,No
c1e68bbc-cfc3-4f3e-990d-6f4821174216,2022-09-29,2024-09-25,67,1556,Basic,4,63,Yes,Yes
e5b27027-2826-4792-af1e-8c169ab962a8,2024-03-16,2024-07-25,33,3342,Premium,4,79,Yes,Yes
08538328-6071-4e86-922a-7b80d2d564fd,2024-06-22,2024-04-12,52,482,Basic,2,66,No,No
b4c9c153-1b12-4892-964d-7876790754c5,2024-10-01,2024-06-23,14,4554,Basic,2,65,Yes,No
e1e7e48d-7069-46e7-9ef8-3537277a531f,2024-12-04,2024-07-15,65,4325,Standard,4,95,Yes,Yes
a09acf61-a105-4977-82d0-b328501947e8,2022-11-28,2024-07-03,78,4292,Basic,2,54,Yes,No
8915894d-22e8-4dd6-b10d-5851a3e1856b,2025-01-04,2024-08-14,61,178,Standard,0,63,Yes,No
8a24ddf4-c0a5-41df-8055-0a7108878590,2022-12-07,2024-05-28,52,1205,Basic,3,81,Yes,Yes
d24d53fe-3b27-4e95-975e-f4708625cefc,2023-01-04,2024-07-30,45,3636,Premium,4,92,Yes,No
c55e2854-1607-464c-aedd-ce999c748e81,2024-07-01,2024-10-17,87,4652,Premium,4,78,Yes,No
f101f712-5aed-4e10-ba0e-3b0d1f91d679,2023-12-29,2025-01-12,31,2338,Premium,4,90,Yes,Yes
0c61dcc5-4932-41e2-8ad4-4f4ea41d1a57,2022-03-25,2024-04-18,29,4823,Premium,1,97,No,No
f0bd7563-5125-4644-b048-dda01b802461,2024-03-18,2024-02-26,10,986,Standard,0,64,No,No
2bd63085-892a-4619-9792-fb5e5a707021,2024-04-01,2024-06-19,29,1625,Standard,2,81,No,No
38487493-33a0-4d91-9290-98a8d857e75a,2022-08-26,2024-09-02,85,4546,Basic,2,96,No,Yes
3b3163fc-808c-4e5a-85d1-6b239e1bd581,2024-03-02,2024-05-30,64,3618,Standard,3,68,Yes,Yes
e9f9fe6e-a440-409b-bf7f-d4bc62f814dc,2023-01-05,2024-08-19,71,1111,Premium,4,74,No,Yes
d5b3f15f-32a9-4d73-a441-d99e74e12318,2022-07-15,2024-07-07,75,2599,Standard,4,78,No,Yes
52d526ab-bca0-4c63-8e0b-67ae83301c19,2022-11-23,2024-09-09,93,2694,Basic,1,94,Yes,No
e9980885-4d07-492a-9985-e9a118c419f9,2022-02-21,2024-07-04,89,1760,Premium,4,70,No,Yes
69062482-bc37-4ccb-aa7d-e07aa07a4a4e,2024-04-05,2024-09-20,47,3683,Premium,4,75,Yes,Yes
d3457f76-e74e-49ef-9dd7-179da3584003,2022-02-27,2025-01-21,53,3438,Standard,4,90,No,No
c1be3214-b0ac-46bf-bb03-bece9ee8614b,2023-04-28,2024-05-07,16,3220,Premium,3,77,No,No
012a97a6-5c86-4af8-9fd7-050080e51162,2023-12-26,2024-08-23,26,1601,Standard,4,86,Yes,No
1d92b63d-2c41-467d-bf68-e1550eb23c9c,2024-09-03,2024-10-17,94,3881,Basic,0,81,Yes,Yes
a49146cd-2cd1-4465-a400-2e65cfc682e7,2023-10-30,2024-10-05,26,1202,Basic,3,85,No,Yes
b0bc20f0-a856-44bc-aa96-25356ce54f4f,2022-03-30,2024-06-17,51,1347,Premium,1,96,No,No
99bed3eb-dff9-44c8-9bb4-4809da1b85fd,2023-08-10,2024-08-05,12,3615,Basic,2,70,No,Yes
aab62d94-ed97-4a91-a5ed-66938b8097fb,2023-10-18,2024-03-09,72,2881,Premium,0,65,Yes,Yes
6d765a7e-ae60-46e0-9b37-0d868c43a6cf,2024-06-18,2025-01-28,11,899,Standard,0,87,No,No
d963cf18-ca0d-4cf6-bb12-3492c3297ba1,2024-12-21,2024-05-02,12,1257,Premium,0,58,No,No
9c460cd4-603d-4a64-92b0-0e7d834e6456,2024-09-21,2024-03-02,20,2039,Basic,3,94,No,Yes
fec902e7-e70f-4978-be6a-8b50c4646c73,2024-05-16,2024-10-01,64,4024,Basic,3,65,Yes,No
ac90ecd4-b47a-48e6-a0ff-b49211c12e43,2024-05-22,2024-10-24,20,2390,Premium,2,84,Yes,No
a67de432-359f-4f3f-bb79-1d6cbee1d60b,2024-03-12,2024-03-20,68,510,Standard,1,70,No,Yes
e37a690b-d91e-48c9-ab96-d53889857e7b,2023-02-11,2024-06-03,30,3533,Basic,3,63,No,Yes
e0ed2712-7d1b-48d3-8631-876e15644f30,2023-11-26,2024-09-30,30,3510,Premium,3,56,Yes,No
b03ddc47-9685-42ab-a57b-f2659d9f28b5,2023-09-06,2024-10-22,84,2390,Premium,0,65,No,Yes
0752c521-d079-44ba-a0f0-cf733e7fd278,2023-10-06,2024-08-14,44,3492,Premium,3,53,No,No
1cbaec55-f9f3-4e97-b345-1e4601fd260c,2022-05-03,2024-04-16,26,1561,Basic,0,84,No,Yes
0187bc3c-70d3-48d4-b42c-243443a3c8e1,2024-03-22,2024-11-13,92,2159,Standard,2,89,Yes,No
a3fb1c0f-a4c9-4461-84ab-54e635e5e2dd,2025-01-28,2024-07-21,93,574,Basic,3,81,Yes,No
c61bb55a-b044-468a-be60-e208c145db82,2022-07-23,2024-11-06,37,3846,Basic,1,74,No,Yes
97d3ba36-f805-4213-8742-0b35cf3ed1b0,2023-03-27,2024-04-20,92,2266,Premium,0,69,Yes,Yes
0468dc4b-54a5-4679-9efe-1f61cac20bd6,2023-11-04,2025-01-18,35,1052,Standard,1,73,No,No
5275236c-a550-4f05-b5f9-8898183a8378,2024-02-24,2024-08-15,99,4817,Premium,4,83,No,Yes
c972be68-ee1e-45fb-ae1c-8c983b7c38c0,2022-10-22,2024-07-15,19,2376,Basic,3,84,No,Yes
25739484-6d52-427e-b195-c96a90c2b2d4,2022-04-02,2024-02-19,78,2707,Premium,4,55,Yes,Yes
0f536fe8-57e2-4dc0-9297-a7ef8edc14d0,2023-08-09,2024-08-17,69,1950,Basic,2,96,No,Yes
2e775f21-f0a0-4a3f-b0db-dc71ef1b7548,2024-04-07,2025-01-26,72,4331,Premium,3,69,No,Yes
d4752728-af6c-4345-ad16-e0348a0eb3f0,2022-03-15,2025-01-28,14,3957,Premium,0,56,Yes,No
f06761f0-e6fe-403b-95c8-337ad2e708d6,2023-06-05,2024-03-29,21,1104,Basic,4,75,Yes,No
a660e0c7-2f9c-417f-a75e-c7df4fe8f57a,2022-03-11,2024-02-24,27,2151,Premium,2,63,Yes,No
a0a4e500-cefb-41b5-99c3-d2ec47b60d04,2023-10-19,2024-08-04,47,589,Premium,2,97,Yes,Yes
20172c11-3813-453a-aa3c-ba4b3afb0e26,2024-03-19,2024-11-18,58,2622,Standard,4,82,Yes,Yes
2d0c9dc1-b604-4778-832b-4351961b9497,2023-06-24,2024-05-02,64,1473,Basic,4,58,No,No
5805e775-b528-4cda-a6e7-84033dff96f7,2023-09-03,2024-04-07,45,2509,Basic,2,63,No,Yes
a6897c0d-a357-4394-bd1d-8565a2e7ca42,2024-08-08,2024-06-10,69,3721,Premium,4,67,Yes,Yes
6e002824-a5e0-4104-9c1b-0665ab9c1bb6,2024-08-21,2024-06-08,39,3277,Premium,4,81,No,Yes
5cd63a1a-532c-4c67-9a91-04a2ea0c6e43,2023-02-20,2024-08-22,19,4642,Basic,3,70,Yes,Yes
f6bcde3f-1ec4-404a-b4bc-777a11caa4d2,2024-02-11,2024-07-12,40,928,Premium,1,84,No,Yes
d6ac516b-8a2d-41c3-9798-a29a6a373860,2024-06-29,2024-11-13,39,595,Basic,1,56,No,No
4cddad74-925f-43ea-8258-9be020d3af3f,2024-11-03,2024-09-30,38,2788,Premium,2,73,No,No
204991fc-e73b-49f5-8063-c72a708f95b0,2022-06-10,2024-12-31,89,2949,Basic,1,59,No,No
3be77063-99b7-4913-bc47-ac05d7fff52b,2022-05-02,2024-06-09,89,3664,Basic,4,78,No,Yes
b02893af-dd65-484f-b137-cb0abafec3bc,2023-08-02,2024-03-16,32,4627,Standard,2,58,Yes,No
8f3e7ccd-0736-4528-88d6-454504526f3b,2023-05-17,2024-03-09,90,2458,Basic,4,73,Yes,No
13c604e8-71a5-4e1c-a940-911f64cd3085,2024-12-29,2024-08-18,57,1606,Premium,0,76,No,Yes
f495f0a1-0d64-41c7-8868-ffc07f2d9ec7,2025-01-30,2024-08-22,33,1787,Basic,1,76,No,No
c8bb99a8-bf84-4154-8826-f0d344ce9f11,2022-09-13,2024-05-12,95,3041,Standard,2,58,Yes,No
a8e145b5-18f1-48da-8403-694e5143c73a,2024-05-31,2025-01-24,37,3701,Premium,0,53,No,Yes
957343a5-ec00-4c48-9bfb-cbb877f93a90,2024-12-28,2024-02-03,24,1221,Standard,2,97,Yes,Yes
23fa1824-720a-4562-b428-ff82af5f5f81,2023-12-11,2024-06-11,68,2439,Basic,2,81,No,No
d9c24fe8-2d18-43a1-8bdf-6046a0ceb992,2023-09-08,2024-03-27,46,4736,Premium,0,61,Yes,No
97a6863a-f7de-4f40-bb36-35569d3398a6,2024-04-29,2024-10-01,38,1682,Standard,1,69,Yes,No
5d2c3aed-1bf6-4334-b3ea-0f41a99e9126,2023-05-22,2024-08-06,40,513,Premium,1,63,No,No
ef05e3b6-a462-4eed-90f5-fb49e082aebe,2024-02-29,2024-04-30,11,2806,Premium,1,71,Yes,No
3d42134d-a79a-4076-b763-0ee84a46be18,2024-12-19,2024-03-07,89,3784,Premium,2,83,Yes,Yes
a328eaa8-345d-437c-b62f-70ec94a6f006,2023-10-27,2024-04-29,32,4738,Basic,1,76,No,No
57fd2909-1c11-4248-81e7-c320668466d8,2024-08-01,2024-03-29,78,4802,Basic,0,64,Yes,No
faac05d4-068d-4335-a65c-5d7011c7412c,2024-05-31,2024-10-24,89,3283,Premium,4,57,Yes,Yes
760102df-a089-4418-ad83-59913367b05e,2023-10-16,2024-03-13,39,539,Premium,4,65,No,Yes
2498503f-4d81-4dda-86b2-e3d51a9a1f59,2024-06-12,2024-09-05,71,3002,Standard,2,64,No,No
4fa782c8-e69a-4f70-82c5-48c3e2b035cb,2022-07-16,2024-02-15,99,1293,Basic,2,87,No,Yes
05a2fafc-988c-489a-a65a-82166382d688,2024-01-25,2024-12-31,58,3519,Standard,0,79,Yes,No
7de494d9-4fc1-4901-883e-23a38711634d,2023-09-07,2024-09-12,50,4690,Basic,0,69,Yes,Yes
62854e91-d1de-4a64-994a-88dfd362ca09,2024-12-08,2024-05-08,33,4993,Basic,1,79,Yes,No
d6238e72-9e59-4492-8542-4b301032bb2e,2023-02-10,2024-11-13,78,2403,Premium,3,60,No,Yes
3470df89-abaf-46ad-84ce-94022c7da6d3,2023-11-18,2024-03-12,24,3747,Premium,4,60,No,No
76b72cf7-191d-4a5b-9703-ba7b083718eb,2022-12-02,2024-08-08,14,795,Basic,1,97,Yes,Yes
d164e447-ea56-4206-84b9-121050608aa8,2024-06-11,2024-11-09,88,2636,Basic,2,68,Yes,Yes
08938d74-dbf4-4d6f-8287-8aa9ce30eaad,2022-04-18,2024-11-16,77,2547,Basic,0,93,Yes,No
6b3aa7ce-44f4-4ecd-bdf2-301f29e7f4a6,2023-04-07,2024-03-21,18,3775,Basic,4,94,No,No
9a53af2e-dc86-44a6-8560-65e0482d65b5,2023-07-18,2024-09-06,25,3657,Premium,2,73,Yes,No
4242a88b-e7ec-4ad7-ba85-5cde6cca1487,2023-11-09,2024-07-18,88,1729,Premium,4,94,Yes,Yes
7a987b80-d612-466b-b17a-5f322f3a4799,2025-01-08,2024-12-28,32,4486,Basic,2,87,Yes,No
14f55aa2-e3b3-470e-90b2-28c51da57512,2024-04-30,2024-03-16,92,636,Standard,2,62,No,Yes
1155a981-80aa-491b-81e4-fa1ad2ed9352,2022-04-23,2024-05-03,86,1507,Basic,3,63,No,Yes
39a39cd2-36bb-457f-aff0-40424be878c5,2022-10-26,2024-10-09,56,344,Standard,0,53,Yes,Yes
53102a8c-6bf9-4758-b181-016458b61165,2024-10-19,2024-09-10,28,1529,Basic,3,54,No,No
fa2fec9c-6e4b-41b5-b96a-6e86d5929639,2023-11-11,2024-12-07,56,4605,Standard,2,65,No,Yes
9dac16a7-531a-4513-9a7f-b380b4ea76eb,2023-10-16,2024-03-01,33,4515,Premium,1,73,No,No
f77ef043-390d-4bac-962d-90295f82512f,2022-02-03,2025-01-07,87,2095,Basic,1,55,No,Yes
50c53a71-74d9-4533-bec7-1b23c0999dfb,2024-02-20,2024-02-17,89,174,Standard,0,93,Yes,No
208cee7e-3271-47a9-8fd5-41c1e0c65d62,2022-03-22,2024-06-18,70,4918,Basic,0,92,Yes,Yes
0faa134c-8dd3-4cce-87dd-250a62a47032,2025-02-02,2024-08-10,14,3840,Basic,3,75,No,Yes
c3ce1f69-e314-4bc0-b0be-a2c3c298ffd5,2024-08-01,2025-01-28,37,4963,Basic,2,97,Yes,No
402bf964-50de-46cf-8451-996b0a93efa5,2024-06-07,2024-09-19,92,1078,Premium,2,65,Yes,Yes
0ff95c08-9efc-4cab-b640-1deb1a4b691b,2022-03-11,2024-04-21,60,4165,Premium,0,73,Yes,No
3303e589-f373-47e7-b43c-d8aa1884606a,2022-04-08,2024-05-08,39,3735,Premium,4,78,No,No
4d6a4a28-e8a5-4673-9310-4bb3c3eb396a,2022-09-26,2024-07-01,54,1915,Basic,2,98,Yes,Yes
bccc2dd5-2fcf-4612-b351-8e7b349f118e,2023-08-02,2024-12-02,31,1957,Premium,3,88,Yes,Yes
7e774471-b841-4375-a7ce-955ae445a058,2024-04-14,2024-11-13,60,706,Premium,2,80,No,No
4fdf8c0e-ddc1-4140-b970-850acffec69e,2022-05-02,2025-01-18,49,1822,Standard,0,95,Yes,No
715eb1e7-a778-4b79-85ba-6e17c5724723,2023-06-18,2024-06-28,45,4549,Premium,0,79,Yes,No
1c939cf7-4c22-4b14-974c-b66f4a4aaa12,2022-10-22,2024-07-26,93,2083,Standard,0,79,No,Yes
027e2950-6876-4538-81a0-1bcfa204288b,2023-09-05,2024-11-19,13,1419,Basic,1,98,No,Yes
252834f7-8282-4663-befe-6caf243bf4b5,2022-12-16,2024-07-26,10,3044,Premium,2,71,Yes,Yes
53896eb8-9b9c-4a78-a1b9-a921bd6a98b6,2022-02-05,2024-07-02,73,3835,Premium,4,70,Yes,Yes
564b89c3-4696-419b-854e-f3561fbcb1e5,2023-12-02,2024-09-02,85,1255,Standard,3,58,No,No
db476ee1-a041-434e-ab56-9bcae12c7d4e,2023-04-09,2024-03-22,74,4109,Premium,1,90,No,No
5751d4f6-8f8b-4595-a9ca-3d5ede5bc8f9,2023-01-31,2024-06-20,36,1840,Premium,2,80,No,Yes
09eda3b0-7c3e-4a32-b149-7ed84edb0c84,2023-01-01,2024-12-05,61,2891,Standard,3,96,No,Yes
3275aefe-88f2-4432-978f-276320f8b29a,2022-08-15,2024-07-10,48,757,Standard,1,66,No,No
1dbfca12-4c21-4173-b39a-b78af20b6f46,2022-11-02,2024-09-09,82,469,Basic,4,91,No,No
7798e3d3-e6bd-48c0-801c-b28377e0870c,2023-09-01,2024-10-19,24,1204,Standard,4,96,Yes,Yes
50ace3ad-5daf-4d7f-88ac-1ccbc1878e49,2022-06-12,2024-07-24,69,2735,Premium,3,88,Yes,Yes
e637d16b-b565-474e-ab6d-b44a6c221cdc,2023-07-30,2024-12-22,34,2746,Premium,4,65,No,Yes
d41855d8-a82b-4f46-9acc-5e651fea0896,2024-07-30,2024-03-10,61,1111,Basic,2,93,Yes,No
755fba74-d039-4a2d-b836-cc8fb769d95a,2022-10-16,2025-01-07,57,1862,Basic,0,78,Yes,Yes
8b562ea7-124f-4ac5-b354-ceb04d004b96,2023-08-03,2024-08-26,69,207,Basic,1,91,No,Yes
fa5012fa-1833-4c55-a904-ce1e33394eca,2022-07-01,2024-07-09,48,1756,Premium,0,90,Yes,No
651e167c-1c5a-4a05-ad4d-818cd05cefb8,2025-01-12,2024-04-13,88,2615,Basic,0,96,No,Yes
ba1036c4-b827-4e0a-9367-cacfaad1e194,2024-04-18,2024-09-11,44,3398,Premium,2,92,No,No
6c7e2845-932d-47ac-a548-2b33ea974330,2024-11-06,2024-02-07,97,4794,Standard,2,51,Yes,Yes
cf02f4cd-88c9-40a1-bbd8-ca40e99a42c2,2024-09-08,2024-03-03,96,2752,Standard,4,50,Yes,No
48951526-92ee-49f9-90b3-cc055a20259a,2024-04-02,2025-01-28,46,1089,Basic,1,73,Yes,Yes
7b3e34a5-4a3a-40a0-81c8-995f30ed1edb,2023-02-03,2024-03-04,47,1136,Premium,0,76,No,Yes
ef90bd92-1b69-48a7-8f01-b8412c3a962e,2023-10-02,2024-10-26,67,2130,Basic,1,99,No,No
255b4587-88d2-44f5-ad28-4d78fa1c01d1,2023-12-26,2024-07-06,45,2618,Standard,3,78,No,No
09cd2e7e-0ff9-4b5b-a076-1f06784628fa,2024-12-01,2024-12-29,91,175,Basic,2,95,Yes,No
328495df-51db-4b85-a016-c8c46907f42b,2023-03-05,2025-01-31,88,4531,Standard,0,86,No,Yes
b6d1edf7-23b9-40e5-a60c-be1ca0f187a7,2024-10-25,2025-01-29,39,4682,Basic,2,62,No,Yes
4c47d80d-f845-47cb-9d90-3f408b2a4913,2023-08-02,2024-04-28,54,627,Premium,0,66,No,No
ab371d17-5f10-499f-b3d3-ccad5aec3eaa,2022-11-16,2024-12-17,25,3505,Premium,2,60,Yes,Yes
ba15e6e6-d915-469c-976e-a430f5708ef2,2025-01-30,2024-09-05,10,485,Premium,3,51,Yes,No
4701d7c0-6e16-4ece-9f61-4daf54138177,2022-11-14,2024-09-10,59,3525,Basic,3,93,Yes,Yes
82136bae-80e1-4b53-ab53-f6e6e3d59dca,2024-12-13,2024-09-04,73,2266,Premium,0,55,No,Yes
dc34deb2-0a38-46a9-a3cd-d42264c6af64,2024-12-11,2024-02-11,62,4389,Standard,2,94,Yes,No
abba9bfb-6278-4d97-a0ff-44317dd86759,2024-03-08,2024-08-18,58,3668,Standard,2,54,Yes,Yes
9a35b9b2-556f-4fb8-8f8e-d19a9215bcd8,2023-10-30,2024-09-23,63,1579,Basic,1,52,Yes,No
859b1b76-1f38-4eef-9ca4-6c76398f40a3,2023-02-02,2024-09-16,37,375,Standard,2,81,No,No
33d50fe5-22b0-46c2-a563-df9a5445131e,2023-09-06,2024-10-19,96,3699,Premium,0,96,Yes,Yes
1f5aa90f-98aa-4ec4-b745-264f753cfd0a,2022-10-30,2024-12-14,41,660,Basic,1,53,Yes,No
1a88290a-a9c4-4eb9-badc-a78ed729812d,2023-03-18,2024-09-28,24,2165,Standard,3,99,Yes,No
92fbb21f-46bd-46ce-a4ad-0b124f22a5ae,2023-03-23,2024-02-06,21,4994,Basic,0,50,No,Yes
4a9f1279-1168-46b0-a064-df11e84ddb52,2022-03-07,2024-10-18,18,1367,Premium,0,77,No,Yes
ed0f0dff-3034-4a7f-b321-71ab9b6151ac,2024-06-16,2025-01-24,46,4271,Basic,3,71,Yes,Yes
63a2da65-16bf-4cb4-a65e-f78fbb27199a,2023-11-05,2024-04-21,79,3665,Premium,3,57,No,No
ce9ea35a-d6a7-430c-85fc-a372c1384a5e,2022-08-19,2024-10-08,21,3373,Premium,0,55,Yes,No
993c4622-0026-487a-9eda-978d0a04ca5e,2022-09-14,2024-04-15,43,327,Standard,4,73,No,No
1c12fd96-7cbf-4e58-8596-af4b23a86610,2022-12-25,2024-03-03,71,130,Basic,1,58,No,Yes
b7576d3e-d895-464e-9331-95898807a875,2023-06-12,2024-07-08,79,675,Standard,4,70,Yes,No
b9a64992-31f3-4118-8c84-a816c0970afb,2023-10-22,2024-10-24,82,1757,Premium,3,92,Yes,No
41f99b70-8d04-40d9-93d0-e32268b86e0b,2023-03-29,2024-10-20,84,2535,Basic,1,98,No,Yes
3659c653-671b-4f38-a35e-9b65d5c87357,2024-09-16,2024-05-02,25,751,Premium,0,77,No,No
b6e1e980-ca6a-4fb3-8d7f-7cf1495d51fc,2022-12-09,2024-04-19,74,662,Standard,4,91,Yes,Yes
e57f34f6-3745-4e0d-875a-3892af042e8b,2022-02-05,2024-09-20,11,2291,Standard,4,54,No,Yes
eedf49a9-851e-434e-a5eb-b1949331923a,2023-05-01,2024-04-29,71,514,Premium,0,96,No,Yes
cd3c5f49-3d12-4590-829f-8e6226c1e6c4,2024-12-12,2024-02-24,92,1521,Standard,3,86,No,No
ac0150f5-0ac1-4049-81aa-47ef44841038,2023-11-21,2025-01-31,88,3357,Premium,4,61,No,Yes
6674bfac-ef4f-49b2-a828-03d1be82257b,2022-10-19,2024-10-30,53,2962,Premium,0,86,Yes,Yes
01769747-56cc-4d21-b468-0903d486c6a5,2022-12-04,2024-10-11,90,2439,Premium,0,88,Yes,No
4e13305c-c6dc-43e8-9636-960440c1e250,2022-04-13,2024-11-15,73,2238,Standard,3,60,Yes,Yes
a4ad346a-ae90-4fdf-8735-63228662d19e,2023-04-25,2024-08-01,87,3666,Standard,3,63,No,Yes
318a4a09-7525-46a2-a8f5-c357417116f3,2022-06-13,2024-04-15,62,4432,Standard,0,72,Yes,No
a1bf4c40-ceb5-4514-9feb-42eec46b1f2d,2022-02-21,2024-10-29,76,1996,Standard,1,99,No,No
7584087f-809e-4404-a9e4-4170e50d1828,2024-08-22,2024-06-29,35,4025,Premium,0,74,No,No
3ef5fce2-43c5-4967-99da-584b1da2d1c3,2023-01-31,2024-04-08,48,3712,Premium,1,52,No,Yes
76b821db-0c76-4569-8d74-49852b98391f,2024-07-26,2024-04-20,56,4093,Standard,3,97,Yes,No
9292bf22-6397-4323-8a4e-ce229668719d,2022-12-19,2024-07-07,81,3015,Basic,0,68,No,No
b458d510-1352-4354-99e0-8aa2b5142992,2024-03-17,2024-10-26,26,666,Standard,0,75,No,No
77e1d3e4-cc3e-4bdc-ab04-ecba8de9ea36,2023-02-06,2024-10-27,80,3061,Standard,1,76,No,Yes
be09c352-4f65-4ad4-b681-cee6c35d3045,2022-12-02,2024-02-21,65,3415,Premium,2,75,Yes,Yes
48915f2e-e96f-4828-929c-ae03942ea927,2022-12-21,2024-02-20,62,1316,Basic,4,92,Yes,Yes
6abf335a-016b-48d5-8515-06b53e85b212,2023-03-10,2024-05-21,58,3633,Basic,3,52,Yes,No
a18186fd-ba54-4516-a538-c517b4e71a59,2023-10-03,2024-10-05,83,143,Premium,3,81,No,No
b8511a25-a5de-41a7-9c96-95cf1bb510e9,2023-09-02,2024-10-22,95,3976,Basic,2,99,Yes,Yes
3b75b9e2-ccb4-41e0-b958-b8925fe18942,2023-09-22,2024-10-04,27,3588,Standard,2,61,Yes,Yes
4aff6986-21c5-4dfb-b7e3-1617b2b97167,2023-03-09,2024-02-10,83,3661,Basic,1,60,No,Yes
81942634-5835-41db-be74-bab26ea710e6,2024-04-15,2024-12-24,75,2804,Standard,0,99,Yes,No
12bdb436-5de9-4cc3-b449-d8b28d8bf6e4,2022-03-31,2024-06-28,59,1944,Standard,3,64,Yes,No
6c19db7d-b6f1-482c-90d9-882fba07cc8f,2024-05-26,2024-09-02,89,3687,Premium,2,51,No,No
5509b091-44bb-4e09-a7fc-4fb8d47f9922,2022-12-31,2024-03-24,81,3525,Basic,2,86,Yes,No
bb981c3f-da95-46bc-be0f-c4ff30d9877c,2022-09-25,2024-11-25,33,3296,Basic,3,66,Yes,No
8d67d04b-5723-4ac3-8cff-c8bead59d915,2023-07-26,2024-11-18,74,4810,Basic,0,75,No,Yes
e22845fa-e427-4eb6-b823-fab9fa6109f5,2024-02-24,2024-12-21,33,1439,Standard,2,90,No,No
3bfb41bd-220b-47fe-947c-929af11d15f3,2023-09-16,2024-04-29,14,1909,Premium,2,95,No,No
eb1c0cea-b68b-46fb-9aaf-08d518bf396f,2024-08-06,2024-11-06,11,3501,Basic,4,79,No,Yes
5b80380a-ac75-4176-b572-ba972206832c,2024-07-24,2024-03-02,30,3920,Premium,3,59,No,Yes
f814092f-1bc2-424d-a503-d532cd87cfe3,2022-10-25,2024-07-10,11,834,Standard,4,62,Yes,No
769b90c7-5fbe-42c4-8394-b9d62f7678f7,2022-09-23,2024-12-15,11,793,Premium,2,57,No,Yes
d0e3d239-0b0b-41bb-9922-71e6b48a47cf,2023-04-29,2024-08-02,73,1006,Premium,4,78,No,No
13e2c3b4-c7b1-4849-ae7d-92c101552c2c,2023-12-24,2024-06-11,81,4901,Standard,2,50,No,Yes
11a834f8-c925-427d-b59e-e6106cf06e2b,2023-03-31,2024-10-15,26,289,Premium,2,65,No,No
efb4a2f2-ddaa-498b-8c8a-ec87d5491860,2024-05-13,2024-02-26,28,4492,Basic,3,83,Yes,Yes
102aeee9-129d-41e8-8026-b98664d264c2,2024-11-20,2024-04-24,64,3365,Basic,3,62,No,Yes
407b0d9e-9fb4-4e66-ae2c-41e3a2f50489,2022-10-16,2024-09-10,35,4524,Premium,0,85,No,Yes
14abc058-425b-4ea0-85d0-8919aab12ef7,2022-10-09,2024-07-04,88,4486,Standard,3,55,Yes,Yes
6dfd5f76-90ad-49ef-860d-7e281a07270d,2023-10-11,2025-01-08,82,3631,Premium,2,93,No,Yes
080fdf65-c0d4-49e6-80c3-1d88c9dda5c2,2023-06-27,2024-04-29,99,3743,Premium,1,94,Yes,Yes
4ad0dd5f-63c9-49d2-896f-bae67cb54b19,2022-08-25,2024-09-16,42,3854,Basic,1,97,No,No
5375cd68-49c4-416a-8e9a-554686977488,2023-09-24,2024-11-10,41,1486,Standard,4,83,Yes,No
972ceb1e-feaa-4c63-96d6-07f62217ef55,2023-05-16,2024-07-01,57,911,Premium,0,72,Yes,Yes
7d9ee71d-5ca9-440d-a8db-9d7a8d6b5b01,2024-01-20,2024-06-05,94,992,Premium,0,85,No,Yes
45451311-0c85-4bb2-b60a-69cfc95774ce,2023-08-07,2024-04-12,58,1604,Premium,4,85,No,No
e9b67a84-e653-49e8-8f3e-5f1e2fad898c,2024-09-22,2024-10-20,83,4397,Standard,4,72,No,Yes
0a39df31-0fd5-44b1-ab18-83113a33a009,2024-09-11,2024-06-17,19,4696,Basic,3,59,Yes,No
be11f0b0-5099-441c-812d-87c293d5b2e0,2023-03-27,2024-11-14,10,3288,Premium,4,55,Yes,Yes
36e5e20d-b7b7-4d38-8e5b-1a696f6bc8cf,2024-04-22,2024-07-12,59,3482,Standard,0,78,No,Yes
21babf43-832c-49b4-b440-57021395de11,2022-11-24,2024-09-29,21,4390,Premium,4,87,No,No
e7bdb454-d871-4ec9-8de1-e2ebe635b171,2022-05-09,2024-08-22,73,4238,Standard,3,74,Yes,Yes
6bd3754d-3b8b-4f6f-b701-b00c923e15cc,2024-08-06,2024-04-01,42,1976,Standard,4,80,Yes,Yes
f6bbb962-ad96-4b11-9722-e9d2593380cc,2024-05-02,2024-04-03,74,3714,Basic,0,89,Yes,Yes
e1bcc108-ff36-45a6-bd82-f0730bbfe48f,2024-10-29,2024-03-21,89,293,Basic,0,89,Yes,Yes
590f9d4b-b551-4b09-b644-98cb13a324a2,2022-05-24,2024-04-25,96,1379,Basic,2,77,Yes,Yes
74a6034e-e57f-43df-8486-104fa6dac79d,2023-06-06,2024-03-12,53,4737,Standard,0,85,Yes,No
54676520-099b-43e6-85f1-b021e7a4e94f,2022-04-30,2024-03-10,37,2353,Premium,1,78,No,Yes
9df60120-3875-44c1-abf8-d46fa7a3a43e,2024-04-18,2024-12-27,31,713,Premium,0,71,Yes,No
7a824bb5-6fa6-4176-bb8c-1e8b90ac4863,2023-11-14,2024-09-27,46,1441,Premium,2,86,Yes,No
3217d163-3204-4a70-9259-e71b00d42ff8,2023-06-28,2025-01-23,80,2826,Standard,3,54,No,No
1e72bab5-b640-4f82-bd74-9ccbcfbbd955,2023-03-22,2024-08-08,59,146,Premium,3,58,Yes,Yes
6cca6301-586f-418b-b726-f5d10eb8687e,2023-10-09,2024-09-09,81,4330,Basic,1,83,Yes,Yes
e528ce3f-911e-4e6f-b0de-2a4668416fd5,2023-08-27,2024-06-23,56,692,Standard,3,93,Yes,No
59ee832c-fc68-43b5-ad6d-c5c4e6388df4,2022-10-20,2024-10-02,10,3739,Standard,2,60,No,Yes
8df6c76a-2beb-4f17-b2d4-ce85bb85f530,2024-09-26,2024-02-11,10,3228,Premium,1,75,Yes,No
8118abc2-2eb1-47a6-b4ea-7acc95b4a14f,2022-11-02,2024-10-28,32,3345,Standard,2,74,No,Yes
be21af29-45cd-409a-8b02-16d2923b4d07,2022-11-15,2024-06-30,81,332,Premium,2,99,No,No
13e2b2c7-d01a-44cc-bdd4-1328d382280f,2023-11-24,2024-04-08,63,2874,Standard,2,65,Yes,No
d2b99e41-cf1d-4842-9d39-8c3f2238664c,2024-03-15,2024-04-22,14,1631,Standard,0,62,Yes,Yes
5696388d-9557-414f-b0aa-93725ea11c67,2024-07-01,2024-06-20,43,630,Basic,4,57,Yes,No
86aaf731-eaee-4f28-9f99-bcad94ad3310,2023-04-02,2024-06-21,47,1669,Premium,1,69,Yes,Yes
6f83eed8-0ce9-4dd7-91dd-d278253370ba,2023-10-14,2024-05-31,24,1413,Standard,1,83,Yes,No
900740aa-fc4e-40f3-b1e6-0231e003c969,2024-09-05,2024-03-25,82,1956,Premium,3,50,No,Yes
07092b8b-88e3-4f4a-9e45-25abcd4dbf61,2024-10-01,2024-09-26,82,3707,Standard,4,64,Yes,Yes
e700d218-24ea-4228-b3aa-48603280fc30,2024-11-26,2024-05-15,51,2526,Standard,0,71,Yes,Yes
bc9d20b8-18a7-45d6-8818-ef05f2fafb4e,2024-11-28,2024-08-08,97,386,Basic,3,84,No,Yes
08a73d00-50ec-448b-a92e-199dc0029562,2022-09-05,2024-11-30,50,598,Standard,0,93,Yes,Yes
08e3e320-3415-4655-a53a-3c46c3fd4f67,2023-04-28,2025-01-09,42,415,Standard,4,61,Yes,Yes
05bde7c8-ff79-42b1-b34b-a141a145b214,2023-01-09,2024-06-28,58,1504,Basic,2,97,No,Yes
7e838701-9649-4dc5-b1fb-1e861a6c316a,2022-10-12,2024-02-21,91,4330,Basic,2,50,No,Yes
4b50b023-3e85-466b-8a55-9abb5dbc51ec,2024-10-14,2024-04-22,56,508,Standard,1,81,Yes,Yes
09886bf2-b66a-4487-9f00-5fbaa09b28da,2023-04-22,2024-11-07,58,3025,Premium,3,53,No,Yes
6431fd2e-7202-4753-9df4-f01a28245600,2023-12-11,2024-04-26,68,2332,Standard,2,88,No,No
1c646bfd-0e69-4c4d-8a7f-2882eb74284e,2023-05-16,2024-11-27,33,4327,Premium,4,83,Yes,Yes
d1ed4e71-7a01-42c0-94b3-f46fd5f329c9,2023-03-30,2024-05-06,42,4695,Basic,0,60,No,No
2c448e3b-4fed-4493-a42c-8afa1a6aac3f,2023-02-26,2024-06-16,96,3830,Basic,1,65,No,Yes
4d4e52de-f86c-459e-96fa-44a9fcc1740d,2022-07-11,2024-07-20,21,942,Premium,3,56,No,No
1e563b9f-c63c-4a69-bf59-e1ca674deff8,2022-05-28,2024-09-23,26,2390,Basic,3,70,No,No
12fa6eae-288b-4b03-9ee3-fccac3bdf988,2024-09-23,2024-11-03,42,2329,Basic,2,74,Yes,No
284b9ac1-a916-4e2e-9301-88f67015c408,2024-02-01,2024-02-07,85,440,Premium,4,86,Yes,No
8f6b1591-3e1b-4b8e-9fa5-d1c98ac2b3b0,2024-04-13,2024-11-22,74,4766,Standard,2,80,No,No
9831cd3a-993a-4955-af96-b08f2746a002,2023-10-28,2024-05-14,11,2134,Basic,4,53,No,No
156adeea-be5b-4d0b-ac5e-3324e2ee9582,2024-12-09,2024-10-18,45,2756,Premium,2,50,Yes,No
cc24e1fe-007f-4aad-b2dd-3db6c0505681,2023-04-21,2024-08-05,98,3398,Premium,2,88,Yes,Yes
e0db2c3b-3d80-4ef6-a79b-93c496dfa648,2024-01-02,2024-05-16,56,2278,Premium,2,97,Yes,Yes
7aa7da41-e69e-4d97-910e-2e63d8ca1be2,2022-02-22,2024-08-26,24,3958,Basic,1,64,Yes,Yes
8f3a1e57-db18-4353-b3b9-ab8decbd3b49,2024-02-17,2024-02-03,22,740,Standard,3,56,Yes,Yes
02c8576f-32d7-42e1-a475-aa86510acaeb,2022-12-16,2024-02-13,96,4210,Premium,3,88,No,No
836bc1f5-991c-4c4e-8197-392f29457c9a,2024-05-14,2024-04-13,82,2851,Basic,3,51,Yes,Yes
5b4bc780-7f8a-4ea6-9de8-21698c85429e,2022-04-16,2024-12-30,15,3554,Basic,1,67,No,No
1815401b-708e-4839-90b0-5b4ced60b0ca,2024-09-27,2024-10-31,38,493,Basic,3,62,Yes,No
aff9cecd-a399-4f81-b6b2-c6a4712ee95c,2023-07-04,2024-09-20,55,4202,Basic,0,67,No,No
8717adb6-7d92-495a-bdd2-04a9cb4adec2,2023-06-11,2024-03-07,30,571,Premium,3,71,No,Yes
d06bf98a-4f34-4296-abe3-737a882af7f3,2023-05-14,2024-04-17,11,3841,Standard,3,76,No,No
96636006-b015-4c10-a30f-c5666423cec3,2023-02-01,2024-04-20,82,2659,Basic,2,75,Yes,Yes
a0cca1f9-5dd0-48d8-99f8-b684c9050ef1,2023-02-18,2024-04-07,87,4132,Premium,3,84,No,Yes
309647c0-12f5-4ec8-b0a3-5ee50bb3c721,2023-09-23,2024-06-11,91,1985,Premium,2,99,No,No
f3ceacab-7f94-4732-ba44-8cd3cc2d7b5d,2024-09-12,2024-08-11,31,3472,Standard,4,55,Yes,No
720887a9-a591-4f2c-8294-dee6d9e9ffbf,2023-08-23,2024-10-30,71,2047,Standard,1,77,No,Yes
c5c77222-07c3-4ec2-a07d-f0dfb0db39d3,2022-03-28,2024-03-23,44,3230,Basic,1,71,No,Yes
c05d1200-075f-4aea-928e-e2f69e0a559a,2024-12-12,2025-01-20,65,2503,Basic,2,68,Yes,No
d0e179b0-e28f-4ca1-bfae-f4f54e2099a2,2022-02-04,2024-09-14,53,3757,Standard,0,89,Yes,Yes
d4d2bb24-c57e-42cb-9d2d-8049973edfa9,2023-08-13,2024-11-25,89,1452,Standard,4,50,No,Yes
e0176f93-0191-40fb-a81f-c0214a6f4764,2023-02-13,2024-05-22,24,4808,Standard,2,53,Yes,Yes
3f4b7a71-9ea9-4aa6-872b-3cc7a2bc5ab6,2023-08-12,2024-03-25,52,4111,Premium,0,55,No,Yes
0f518c1b-e7e7-4655-a87e-fa2b0b0f42d9,2023-03-09,2024-04-15,45,3015,Premium,0,70,Yes,Yes
54cedb9f-dd7c-450e-be83-a03d6e294aa1,2024-05-28,2024-07-04,67,3157,Premium,3,88,No,No
bce2e978-4b2b-44be-b324-c9db669d6a9e,2022-05-07,2024-08-15,69,1623,Basic,4,73,No,No
0f2a5acc-4457-404f-bf33-fdd43062068b,2023-10-16,2024-05-28,49,3893,Basic,2,83,No,Yes
dd5e967f-db44-49c0-9d76-d84ff6620299,2024-12-07,2024-04-04,64,2114,Premium,2,89,Yes,Yes
7ed9996e-f159-4e8e-88ff-365066c4a8f5,2024-10-17,2024-07-23,25,3062,Standard,1,89,No,Yes
c2f205ee-b67b-4f81-9c76-a4d1e427376d,2024-08-26,2025-01-04,89,3102,Standard,1,87,No,Yes
1d13bd14-07da-428e-826d-6406deaa98c3,2023-07-03,2024-09-28,48,1465,Premium,4,73,No,Yes
b65cae1a-058c-4f79-a6d9-5f682b1f4e1c,2024-04-19,2025-01-17,30,1555,Premium,1,63,No,Yes
a06c9025-18f9-4229-ae44-6d32391c0d83,2025-01-25,2024-12-27,42,3251,Standard,2,60,Yes,No
874710e2-33d3-4414-97fa-7b6953d6f8c9,2023-02-06,2024-03-30,60,866,Standard,3,59,Yes,Yes
2e9b8e90-9a2c-4fd5-8844-25328339d7b6,2025-01-30,2024-07-05,49,3958,Basic,2,95,Yes,No
fe8ff2b0-55a2-4312-af58-6280dcda8a72,2023-07-30,2024-09-29,82,504,Basic,2,66,Yes,Yes
abfc3e97-2a17-4f33-a122-9381c2891ef6,2022-11-04,2024-06-18,28,943,Standard,4,65,Yes,No
1ea4bbcc-8fff-4d70-8fa8-77e745a3c34c,2023-07-11,2024-07-18,29,4959,Standard,3,65,No,No
a8eaf91a-8069-46a2-a675-40c383addfad,2022-02-20,2024-04-18,20,2166,Premium,1,70,Yes,No
7b656676-d4b0-4df4-9d9e-ab59c3ca39ca,2024-03-04,2024-10-11,34,1317,Premium,3,93,No,No
67d4d2fd-71d9-4bb5-8a22-b14bb4472a8b,2023-07-23,2024-06-28,63,4482,Basic,0,57,Yes,Yes
8dcd9c75-317d-4f20-b52e-9b616ad6f34b,2022-08-12,2024-06-20,30,4061,Premium,4,67,Yes,Yes
e5705a77-4914-4bde-ae21-221c9c9ebda8,2024-01-21,2024-06-22,79,2192,Basic,1,63,Yes,Yes
4c09b393-efd0-4f0c-8b1c-4a1938bf1b89,2024-10-19,2024-10-27,13,4944,Standard,1,77,No,Yes
67cffdb7-0957-46b5-b0e7-38be4ce671ae,2022-02-11,2024-06-19,30,2999,Standard,2,59,Yes,No
b3b3b83b-5b21-44fe-8339-f2fa282c51c4,2024-03-12,2024-03-26,20,2608,Premium,4,65,No,Yes
91f1bbc6-c6ab-4b16-badc-3a5d114a592e,2024-02-10,2024-02-06,85,2181,Basic,1,96,Yes,No
8c047321-5147-4fa7-b4c8-3c8563330a3e,2023-01-24,2025-01-14,71,888,Standard,4,75,No,Yes
82fdbcea-2d0e-41fe-a280-19ce4eaa69a2,2024-12-18,2024-09-25,82,611,Standard,0,83,No,No
4f508a82-d6c8-4f1e-b5cd-d0c6d02e0b85,2023-07-06,2024-02-22,63,4898,Basic,3,61,Yes,Yes
fa114f99-7ce1-4905-9a93-4e75c0fe55bf,2022-04-29,2024-07-10,71,2710,Standard,1,81,No,Yes
a65033fe-fd0e-4ec8-8ef5-687564631b03,2024-05-01,2024-06-05,64,2270,Standard,0,97,Yes,No
737f715e-e59c-4053-acf6-92c9ab9eb4bd,2023-09-05,2024-12-21,15,2399,Premium,4,55,Yes,Yes
23a7db19-34fa-4b11-a84e-63cb487a9db1,2022-03-03,2024-08-07,21,1519,Premium,1,84,Yes,Yes
38f9924d-eb84-43fb-8c03-77590eb60c45,2022-07-18,2024-07-21,78,3341,Basic,3,70,Yes,Yes
52fa1582-34a7-469e-b086-ad95ec9b99ad,2024-07-25,2024-12-27,45,1466,Basic,0,76,No,Yes
322467ab-a01e-4c0c-b240-fc39afa3a0d9,2023-05-13,2024-02-29,41,2474,Premium,2,93,No,No
eeb5576a-83fd-4f48-b87a-2c0679fb1826,2024-01-16,2024-04-21,50,861,Premium,3,55,Yes,Yes
7896a186-ec1b-4d53-8aa8-33aec2ae14f3,2023-11-04,2024-10-02,59,4220,Basic,3,82,No,No
e7084637-4008-4f5a-9698-bfada058812a,2025-01-03,2024-11-14,95,1061,Basic,3,57,No,Yes
c9e701ad-2dba-4112-8b39-821027204e4a,2022-07-29,2024-04-02,69,1633,Standard,3,50,No,No
e7554dc6-8817-465a-ad98-2afebf08a01f,2022-12-30,2024-09-15,39,3266,Basic,2,57,Yes,Yes
938ce3ad-c492-4433-a5f9-df40452691b9,2024-07-26,2024-03-17,82,1638,Basic,4,66,Yes,No
73bdb9b4-8cc3-47ec-a3ef-6a87aff36034,2023-05-01,2024-11-23,53,564,Standard,2,72,Yes,No
56355394-354d-4359-9195-dc518b0581b6,2023-09-22,2025-01-16,62,4517,Premium,0,57,No,Yes
afe9ea94-d2d5-48ef-ad21-1ad25b905fc8,2024-10-31,2024-06-27,49,2047,Standard,3,83,Yes,Yes
fc157fdf-45db-44e0-92aa-5f224329d246,2022-10-24,2024-06-08,61,2395,Standard,1,85,No,No
11648e7e-395b-4cc5-8709-34483c39ac64,2023-03-15,2024-05-16,73,461,Standard,1,57,No,Yes
275eb18e-6bf9-49d2-ae4b-bab536e3d00f,2023-04-18,2024-09-22,93,1418,Premium,0,99,No,Yes
214c09df-e4e2-4238-937b-7bd77af0d1da,2022-12-05,2024-10-03,72,3099,Premium,2,71,Yes,Yes
04baa776-ba4b-4857-a8f8-d20ab8971652,2022-03-14,2024-02-24,64,1926,Premium,2,66,Yes,No
28c507db-0f81-446a-a3f7-c68a4256854f,2022-10-07,2024-11-15,91,1885,Standard,0,65,Yes,No
1694c7a3-0d8d-4041-8aad-210f374f63b4,2023-01-17,2024-12-24,28,1460,Standard,2,90,Yes,Yes
b53c2f01-8c9a-444e-beb9-5585f72d9190,2024-01-28,2024-04-28,63,1443,Basic,1,77,No,Yes
72cddb0d-1298-4a76-b4e2-39ca184c5977,2022-06-03,2024-09-16,36,3612,Basic,1,56,No,Yes
aaf2045f-399a-4e7f-8931-749183f7541c,2022-06-23,2024-08-17,90,4360,Premium,3,91,No,Yes
e21558bc-cae3-4d58-84b9-7da3729f5f9a,2023-03-07,2024-03-03,82,3965,Basic,4,62,Yes,No
95f437d2-be5f-42cb-b805-486cae70e8cc,2023-11-03,2025-01-07,41,1711,Standard,1,95,Yes,Yes
77d87916-d978-4d3b-8bcf-27ebe536e9da,2023-02-26,2024-11-30,38,4707,Premium,0,80,No,No
81dcea6f-8f1b-4122-a7e9-c1f72b994d87,2022-08-06,2024-05-20,45,577,Basic,0,65,Yes,No
fd1058fb-896d-4bcc-9339-be432a725614,2022-07-20,2024-04-30,69,563,Standard,2,92,Yes,No
e964628d-f301-4433-a107-c236e236dd72,2023-02-21,2024-03-07,98,2677,Premium,2,54,Yes,No
aaead44e-0e8c-4176-af81-6fd1a23e21aa,2024-06-27,2024-05-04,12,4695,Standard,4,86,No,No
aef14ab7-3a63-45bf-a787-e399d878e751,2023-02-13,2024-10-14,21,3944,Premium,4,98,No,No
e33e790c-4e0c-4ea7-91b6-dae093527116,2024-11-12,2024-02-04,69,4775,Basic,3,86,Yes,No
ab380abd-ed2e-4427-9625-e9990c321866,2022-10-08,2024-04-15,87,784,Basic,1,84,No,No
bca41565-183a-4575-a9cd-563f6ec1829f,2024-06-07,2024-02-12,52,1572,Basic,4,81,No,Yes
39d3834e-97fb-4282-923b-76f3b24a1df8,2023-09-09,2024-09-27,71,2788,Premium,4,92,Yes,No
b53dcc7d-a38c-432e-8ae7-5be6d63cc6d1,2023-07-17,2024-11-28,67,4987,Basic,2,70,No,Yes
d16f21bd-1af1-4973-9627-bf8170c99c89,2022-05-15,2024-09-26,46,2080,Standard,4,95,No,Yes
1573e8cd-8fef-40e0-a8de-d52020529148,2023-07-25,2024-05-18,42,4835,Standard,0,72,No,Yes
80c544aa-6b9b-48cf-a3d7-7847124b5447,2024-03-14,2024-12-01,73,1873,Standard,0,88,Yes,No
ae80db35-813d-42a9-aa75-145bcabe9d95,2023-10-01,2024-05-16,42,4770,Premium,1,64,Yes,Yes
845f576f-7fb6-4890-98cc-b9d278ca8a0b,2024-11-24,2024-07-07,78,4031,Premium,3,91,Yes,Yes
63c41ec8-c85b-4083-b26f-cd084e1c6fd3,2024-12-22,2025-01-03,78,3628,Premium,1,62,No,No
e8e94c37-c833-426c-94cf-9b3edb9ad0a6,2024-11-07,2024-08-03,91,750,Basic,4,72,No,Yes
ae7a734f-a5b2-462c-b2fc-4cbc5fc73ae0,2025-01-11,2024-03-25,45,4536,Standard,3,91,No,No
ff3c0c28-8fe3-4170-8e7e-f146ae0ab03a,2023-01-26,2025-01-07,99,3449,Basic,0,52,Yes,No
a387245c-9f68-4193-a485-10276c6766e8,2024-06-20,2024-11-01,46,3094,Standard,2,94,Yes,Yes
f1c2b2cc-9628-4e59-9294-2310c56ec881,2023-04-18,2024-12-04,46,4190,Standard,4,72,No,No
ec7d3a2c-f311-47dc-b3ef-d94f3f8faf40,2023-07-25,2024-08-13,30,970,Standard,2,84,No,No
27097682-136e-4ea6-a18d-2e187cab9b92,2022-04-04,2024-03-13,82,4875,Basic,3,54,No,No
aa3e2420-0345-4642-ad4c-4e87f7dae59e,2024-08-13,2024-12-25,72,3042,Standard,4,62,No,No
4e74a675-d592-48a4-82a7-523c44943a5a,2024-02-12,2024-11-19,95,2341,Standard,4,58,No,No
83ff4c68-9336-4bd8-ac1c-c52893f0ec55,2024-05-12,2024-06-05,34,3890,Standard,4,58,Yes,Yes
9c3e4a20-d958-4b99-b5b8-1a9ebbfad1a9,2023-12-01,2024-06-22,57,295,Premium,2,63,Yes,No
fa1206a0-764e-43a6-8a05-19890d7ee70b,2024-06-01,2024-11-05,74,3996,Standard,1,69,No,Yes
e8a34af7-ebbf-4e06-8a53-91b385c8164c,2024-05-25,2024-08-28,56,4267,Premium,3,98,No,Yes
4ba6a109-6365-46da-8bad-56a05ee6925e,2022-05-17,2024-02-10,73,866,Premium,2,76,Yes,No
b677a179-cd1c-46f2-a7b7-30aedf486147,2024-07-21,2025-01-06,27,3498,Basic,4,61,No,No
d261d53a-3c7b-4ab8-baa6-f76d541280be,2022-02-12,2024-04-16,72,4678,Premium,1,63,Yes,No
3d832121-6a59-4136-94bc-10a8dc95d8f8,2024-05-08,2024-12-09,86,1787,Basic,0,99,No,Yes
ac667052-0b10-4c6b-bcd1-f1a91b4c5658,2024-06-14,2024-10-19,38,1717,Premium,3,63,No,Yes
13fefbd9-37df-414a-86d7-dcc12d3ed26f,2023-11-30,2024-03-19,30,1294,Basic,1,87,No,No
50f68d4d-14ba-46bd-b4f2-e3a190496f4a,2023-03-29,2024-07-12,31,939,Basic,4,93,Yes,No
20c69f04-b1c1-484f-9c6f-88c8053ba7ac,2025-01-25,2024-02-20,39,4569,Premium,4,83,Yes,No
f7479163-7953-478e-8776-43bf75601097,2022-09-09,2024-10-16,82,1478,Premium,4,77,No,Yes
b71122bc-4b5a-4471-9dd3-70fde41e8290,2022-05-05,2024-07-27,89,1781,Premium,1,69,Yes,Yes
203e0263-92ef-4065-999a-a4573841d4ec,2023-05-05,2024-12-07,70,4397,Premium,0,67,No,Yes
27f7d6af-650c-48fe-8828-af14437387d5,2024-10-05,2024-10-04,30,1516,Premium,2,87,No,Yes
e70b29de-d30a-45c5-8021-c15d5c2af898,2024-08-13,2024-11-09,89,4916,Standard,1,93,No,Yes
7e4ba5d3-8a53-42e3-9ef7-94905f77b4e1,2023-07-20,2024-03-25,44,1063,Basic,3,53,No,Yes
62689cb0-5cba-4cc3-8e7e-7203fee73e17,2022-06-26,2024-03-24,98,805,Standard,0,75,Yes,No
ebadb555-c9dd-45de-8dfd-c9d156000bc7,2023-05-05,2024-10-06,94,3544,Basic,4,98,No,Yes
d091a87b-5878-4fa4-96b0-87ff56e63478,2022-12-29,2024-11-26,20,2935,Premium,0,60,Yes,Yes
8676d010-2262-4551-a052-a4f016f939dc,2022-08-02,2024-02-26,53,3835,Basic,2,90,No,Yes
8aef5c71-d962-4467-9150-af09b28844d3,2024-12-15,2024-10-10,89,3244,Premium,2,95,Yes,Yes
0d1dfa7c-97b0-4cdf-9c0c-ce51c51123ff,2023-10-04,2024-06-27,33,220,Basic,2,89,Yes,No
baf50a4b-a5d3-4355-8d6a-ba2fe73667eb,2023-11-10,2024-12-06,98,687,Basic,4,79,No,Yes
6e159613-e103-4e84-b218-e468ec3d5ed0,2024-11-26,2024-06-08,93,2262,Standard,2,62,Yes,Yes
d3f9a964-7c2c-4555-a4d3-83a1ddf46bdf,2024-06-01,2025-01-23,11,185,Premium,2,52,No,Yes
95895662-64c1-4851-91d2-87082388fa37,2023-07-04,2024-12-13,50,2095,Premium,3,81,Yes,No
df33759f-6d7a-4c43-9888-bff00a9bc583,2024-07-30,2024-10-21,41,3283,Standard,2,57,Yes,No
dee5867d-9c4b-4cf6-b623-b9acccd5915d,2024-12-18,2024-07-01,21,837,Standard,0,69,No,No
d44824fe-117d-497d-9a7b-508297b3cee4,2025-01-02,2024-06-26,48,2511,Premium,3,84,Yes,No
50a706f5-ffa5-4d95-930f-a1900f40ec0f,2022-08-27,2024-05-30,96,2047,Basic,3,55,Yes,Yes
9ab2b0bd-8727-4144-a319-d09b2698c68f,2022-08-06,2025-01-30,68,4495,Standard,4,81,Yes,Yes
c9e55e87-7c8e-4df8-b4f2-9e9298c8ec6b,2024-07-12,2024-04-02,11,3516,Premium,2,69,Yes,No
65c70fac-7ce2-4600-8aaa-135067a50c12,2023-05-17,2024-02-26,57,2871,Standard,0,74,Yes,Yes
de91ecda-3b54-4767-ae0a-656836ef47cb,2024-10-18,2024-07-10,55,4191,Premium,3,76,Yes,Yes
731d4780-c330-4613-8531-b63354727e46,2024-04-15,2024-05-20,38,4552,Standard,0,85,Yes,No
3c3c3d4e-f264-4c9f-9a8f-7766c8a38e21,2024-01-30,2024-05-24,20,1941,Standard,2,78,Yes,No
bc4424cf-e4bf-43cf-9a7e-cbcd6a4e448a,2024-07-10,2024-11-20,83,1550,Premium,4,96,Yes,No
1fe41512-6cf8-402b-b4de-eaeed68cd493,2024-05-03,2024-07-16,99,4823,Basic,1,60,No,No
235b93bf-a6a1-4d60-a5d3-7a6d0272a776,2023-11-01,2024-09-23,68,3587,Basic,3,93,Yes,Yes
b3d1a20b-d8d7-47cf-b0b1-6b66edaeb7c0,2024-12-29,2024-04-21,26,4947,Basic,3,99,No,Yes
2a1b4b1a-3907-4136-a289-a30db9bcb614,2023-06-10,2024-12-15,72,4187,Standard,1,76,Yes,No
bf15fc0a-b3fd-4b55-bba4-d7d9e0e1ba28,2024-02-07,2024-02-25,35,1871,Standard,1,75,No,No
4e08e0aa-a561-4046-b936-7f0dadf926e4,2022-04-26,2024-05-28,63,3527,Standard,2,55,No,No
5c3a9ea0-b45d-42de-aa5c-fe8ce9670127,2022-11-20,2024-09-30,33,2478,Standard,2,99,No,No
73d2b375-2ede-4900-a183-6b9f7f74c577,2024-02-07,2024-06-07,34,1786,Basic,0,84,Yes,No
c22f4bb8-b725-4575-812e-66ad43f41b60,2023-11-29,2024-11-13,53,4579,Standard,4,71,Yes,Yes
b4eecd6c-e80a-4d07-9a61-2b6178482126,2023-04-02,2024-08-21,37,684,Basic,1,92,No,Yes
675c5fa6-ca04-43b0-936e-5c2726845f70,2023-05-18,2024-03-08,53,1162,Premium,2,58,No,Yes
19027b98-2d59-4354-8756-c159909405ec,2024-11-02,2024-03-07,93,2157,Standard,1,82,No,Yes
b5303b03-ac77-4af2-bd23-d24c0e3bf2f4,2023-02-06,2024-07-02,70,3262,Standard,0,85,No,No
bb0d6d23-f066-4634-b01f-ee936efac99b,2024-02-03,2024-06-09,67,4663,Standard,4,97,Yes,No
2796c42b-053a-44c6-8d47-dcd97d991a12,2022-09-08,2024-11-13,25,2104,Standard,4,95,Yes,Yes
04966eec-c6f5-45bb-9554-cf2ae13d16ec,2024-05-26,2024-02-05,80,3552,Basic,3,75,No,Yes
bb839c2c-a77a-484c-bd86-2fea5fde8a7a,2024-07-04,2024-09-14,63,2221,Standard,1,94,Yes,Yes
03707a28-4dd0-4959-9003-ce4a23941c48,2024-02-01,2024-06-05,17,3503,Basic,1,63,Yes,Yes
87bfa054-c739-46be-84e2-bc07e2f5a6d6,2024-01-16,2024-12-21,60,2572,Basic,0,83,No,No
a741309b-3062-4860-86d4-193e282e1497,2024-11-01,2024-08-07,28,2839,Premium,1,99,Yes,Yes
2eb9c890-03d4-41b1-af0a-445558a51ae8,2022-10-17,2024-07-12,88,2086,Premium,3,97,Yes,No
630b5727-f6fc-4bef-9d1c-ad232f8e223d,2023-12-31,2024-04-08,20,3624,Standard,3,84,Yes,No
33532849-7236-4134-b477-4c24f8d982b0,2022-03-26,2024-06-14,93,580,Premium,2,52,Yes,Yes
7d93bc62-790a-485f-a620-22a297f17c11,2024-03-01,2024-03-11,16,771,Standard,4,66,Yes,No
c55465ad-3545-4b72-870a-5540cc22dbc4,2022-09-06,2025-01-08,36,4560,Basic,3,70,No,No
e5f8dbad-015f-4959-95e9-e6d917374a91,2022-03-19,2024-04-08,53,3238,Basic,0,51,No,Yes
057e6bd9-29c5-4016-ad4c-fe63f571873c,2023-03-05,2024-06-18,60,2865,Basic,4,52,Yes,Yes
d09f1b9d-9b91-4039-881d-a389b737709f,2024-06-20,2024-09-15,23,2141,Basic,4,83,No,No
96d436f5-892a-425f-9db0-a81d20277a7c,2023-01-15,2024-09-18,40,1981,Basic,3,65,Yes,No
39330578-bbb8-4c8e-ae21-9c93614fd061,2022-07-05,2024-05-07,69,3260,Basic,3,71,No,No
b087aaba-3a68-4741-897c-a89cbddd743c,2023-07-07,2024-10-07,10,4367,Standard,1,96,No,No
63ac5acb-0a6a-4929-89dd-594799aecac1,2024-12-27,2025-01-16,49,2188,Basic,1,68,Yes,No
24882fd1-42f3-495d-b470-9b43a52d4e3c,2024-06-19,2024-07-16,10,4995,Standard,3,99,No,No
bb7fe33b-5e38-4bd4-b03e-e1780bde14e8,2024-03-19,2024-12-02,82,4872,Standard,3,59,Yes,No
6eba7097-8872-4902-888f-f6ab7642d51f,2024-03-30,2024-02-28,42,2056,Basic,2,86,Yes,No
ebb49fce-2181-4579-9bb3-0c5439f96295,2024-03-09,2024-11-16,61,4952,Premium,3,75,Yes,No
6ccb1069-8d83-416d-a67d-79ed4f63fa17,2023-04-12,2024-06-02,79,2867,Premium,0,73,No,Yes
233b299a-eade-4e16-ac47-a1d09eacaac2,2024-03-27,2024-10-22,46,3364,Standard,1,70,No,Yes
c9260fa2-78c7-4407-a158-87d65a5eaacd,2023-04-19,2025-01-24,58,4273,Basic,1,69,No,No
8cb4e1d5-caaf-4b6c-8e32-2721447748f5,2024-04-23,2025-01-29,16,3819,Basic,4,99,Yes,Yes
7bcdd0a3-a67f-4a88-a059-4ca8bf1d9f93,2024-10-18,2024-10-22,42,1850,Basic,2,86,No,No
e1392d13-7b65-408e-b230-20d36caa498f,2022-11-10,2024-05-23,15,2852,Basic,4,90,No,No
63da52dd-91df-4be1-b903-88ae8dc892e1,2022-02-11,2025-01-13,34,4242,Premium,2,59,Yes,No
0487eb2e-1bad-471c-b1ed-5a4add8c8dca,2024-04-22,2024-11-10,58,4513,Basic,4,75,Yes,No
3aa059d6-1049-4c47-9703-615aacda3f4c,2022-08-25,2024-02-03,52,3187,Standard,0,66,No,Yes
2ac7b68a-18d0-44ab-bce0-0992a71f4463,2022-11-03,2024-10-11,51,733,Basic,3,59,Yes,No
b8752bc9-e744-4fdb-9586-1b45a28283f9,2022-09-25,2024-09-07,77,4512,Standard,0,95,Yes,Yes
4875f6b7-ab45-440e-9eb5-082fe751fea1,2022-10-05,2024-06-19,79,4579,Basic,1,65,Yes,Yes
5594add9-5be9-455f-b260-6e07ca802d97,2023-11-21,2024-06-07,66,4039,Standard,3,86,No,Yes
54f03a07-e1c6-4dd0-b7d4-dd9bad836ede,2024-10-04,2024-08-25,26,3048,Premium,4,81,Yes,No
d7f284cf-15d3-4417-9523-fb420b5b0484,2024-06-05,2025-01-26,97,1465,Premium,1,83,No,Yes
30c65156-c5b7-494a-a1b6-2deac49773a4,2024-04-19,2024-04-02,19,956,Standard,1,66,Yes,Yes
0a30afb1-450e-4209-8c8c-6a77751d926b,2023-07-19,2024-11-12,49,1581,Premium,2,53,No,Yes
2a41bdfc-0841-4cea-9d47-e08b77d3723f,2024-04-13,2024-11-28,43,3773,Premium,3,94,No,Yes
6db03eab-0998-4722-b3e3-1e583f4ef339,2023-03-30,2024-11-03,35,728,Standard,2,81,No,Yes
3f7767de-61cc-4367-9f17-b287b6a09da7,2022-07-26,2025-01-30,52,2220,Standard,0,64,No,Yes
55951597-c644-4e47-8e73-f700929fc81a,2024-05-28,2024-12-09,29,2050,Standard,4,83,Yes,Yes
41801ee4-d525-41c9-b5d3-e41199d3bf67,2024-10-11,2024-08-28,75,1951,Basic,2,63,Yes,Yes
099cfd72-664f-4d51-855c-f1043872991f,2023-09-24,2024-08-14,63,2493,Premium,3,90,Yes,No
2846f2da-e7e0-4113-a53d-10eba3af4d54,2022-09-29,2024-10-02,94,4061,Standard,3,64,Yes,Yes
65b17331-7909-4fce-85ec-ab3ec01f23fa,2022-05-09,2024-09-23,61,2637,Standard,4,91,No,Yes
781d6dda-9ec3-4a5c-9652-c7692dad9b6c,2022-07-22,2024-05-21,10,3886,Basic,4,77,No,No
f2b05512-14cf-4f30-b6a1-25a9f1cfc6a9,2022-09-11,2024-11-25,29,2584,Premium,0,90,Yes,No
de9148c3-a6a8-4883-8700-d0579e34a6f7,2024-03-31,2024-03-08,25,1287,Basic,1,90,Yes,No
234a8dab-b8b0-4418-aab1-a81ec34c7b81,2023-02-07,2024-12-27,88,2057,Basic,1,96,No,Yes
b8b61f0e-412a-4df9-8563-95370b55a080,2024-06-10,2024-10-25,50,3145,Standard,4,80,Yes,Yes
9e6d0ebe-7026-4cef-a986-2fb38d7fab03,2024-09-26,2024-02-14,65,1446,Premium,2,82,No,No
3919fe0a-5cc9-46f3-b227-88fc98742dc4,2023-11-15,2025-01-13,35,1282,Basic,2,60,Yes,No
785446b7-796d-4b54-ab62-9788d01f0c18,2024-08-04,2024-12-03,93,395,Premium,0,65,Yes,Yes
b11cbc07-e8e7-442e-801f-c664c38478b8,2022-05-15,2024-09-04,20,4653,Standard,0,60,No,Yes
984a254a-f2bb-4da4-81e7-b84fe939309f,2024-11-15,2024-11-30,97,1322,Premium,0,63,No,No
4f3e24f2-9d88-48f4-9925-20e2ca129c8e,2022-02-22,2024-02-07,65,142,Basic,1,95,No,Yes
92b92f2b-28b2-4216-b868-7cf9926a9320,2023-05-08,2024-10-06,71,477,Basic,3,73,Yes,Yes
7a80cdea-fecd-4195-81b7-dc8835d03559,2024-06-30,2024-08-12,89,4483,Basic,1,50,Yes,No
e76d0e81-7d9e-4b5a-af89-6b69c96c4994,2023-08-27,2024-11-19,47,1798,Standard,4,55,Yes,No
bdea314b-7000-4f9c-b712-00b62dfca596,2023-03-30,2024-12-02,45,1481,Basic,3,84,Yes,No
c2c54542-0074-4a72-af86-10f7c12969b6,2023-09-25,2025-01-23,34,3121,Premium,1,80,No,No
cac2a3b1-ed38-4a75-8218-a6478f60681c,2023-07-22,2025-02-01,92,2593,Basic,1,97,No,No
64dbb0bf-e719-4a5d-86f0-2d41446fb27b,2022-02-03,2024-12-17,97,3199,Standard,0,76,No,Yes
ec85ebf9-b9aa-4b53-a616-9b777380181d,2024-10-05,2024-05-01,16,2598,Premium,4,59,No,No
e08473f6-19cd-4cef-85c4-1facee4b3fb4,2023-01-29,2024-10-08,22,3310,Basic,4,85,No,No
853c5020-3bd2-4729-8b2f-8937a2d6dd64,2025-01-01,2025-01-02,82,1629,Premium,3,66,No,No
afe53062-1367-47cc-82ac-9c250649f8bc,2023-07-26,2024-09-17,81,3340,Premium,3,61,Yes,No
3ac06d8f-4287-4d0b-94ee-b837160fa9a9,2023-02-06,2024-05-20,13,2676,Basic,1,65,No,Yes
c1dc19b8-9518-41c0-878e-0132679687d9,2023-08-10,2024-09-08,41,3330,Basic,1,98,No,No
1faf2d34-c8e7-41fa-a084-a9253948b4b8,2023-05-01,2025-01-31,42,1783,Premium,1,96,No,Yes
9fe80a03-ede4-40ea-9e55-9641a3373a03,2022-10-23,2025-01-28,86,2040,Standard,4,88,No,Yes
f772a60f-3fa4-472d-a412-5bb7fff99bc4,2022-05-06,2024-04-04,16,1229,Standard,1,73,No,Yes
d0784afe-f537-40dc-b994-34d34c78e600,2024-09-03,2024-05-13,58,4630,Premium,3,90,No,No
4845e4ef-3719-4220-b687-6ef9e280dcb0,2023-06-15,2024-03-14,40,4255,Premium,2,82,Yes,Yes
450cb447-cb73-4ae6-b6b0-0a58c8a28060,2022-05-29,2024-05-11,31,2067,Basic,3,64,No,No
eea259fa-4576-4014-b352-ae716d7bf413,2024-09-02,2024-09-07,55,4237,Basic,3,93,Yes,No
766f2f59-ee64-4fb6-9a3a-deac16f3270b,2023-07-15,2025-01-28,47,1893,Basic,1,89,Yes,No
